IP Address,Request Count
42.200.83.166,1
75.189.79.5,1
140.151.39.225,1
23.124.153.101,1
77.78.152.101,1
110.226.161.11,1
103.88.1.57,1
147.202.74.165,1
157.37.129.92,1
87.255.251.245,1
149.176.171.251,1
223.178.121.141,1
90.195.87.213,1
194.225.94.174,1
47.22.253.154,1
47.142.238.1,1
45.236.175.109,1
53.205.174.155,1
100.82.211.146,1
60.123.222.155,1
16.135.2.110,1
127.14.182.129,1
163.123.80.190,1
145.15.197.53,1
138.85.8.54,1
114.99.186.234,1
93.39.91.223,1
144.183.128.72,1
82.232.4.180,1
179.15.98.12,1
208.10.21.67,1
142.164.234.68,1
117.235.127.77,1
55.183.40.110,1
91.39.212.234,1
12.106.149.98,1
126.153.96.3,1
177.121.205.236,1
36.174.226.196,1
145.32.32.146,1
141.34.55.245,1
193.10.71.32,1
54.122.8.209,1
84.179.245.8,1
20.193.209.99,1
64.197.241.149,1
172.60.66.206,1
42.140.237.0,1
115.4.7.76,1
110.192.247.253,1
111.16.52.211,1
214.171.237.148,1
158.232.236.225,1
164.52.38.42,1
144.7.76.39,1
78.74.57.210,1
1.122.22.85,1
210.147.149.178,1
213.83.167.184,1
175.149.132.50,1
125.170.234.100,1
8.58.189.150,1
22.183.57.29,1
56.166.231.150,1
78.58.139.205,1
180.193.69.229,1
30.246.236.35,1
184.6.232.202,1
78.245.63.35,1
77.11.152.9,1
34.67.34.87,1
14.207.225.13,1
5.207.234.72,1
44.242.85.96,1
142.217.248.72,1
152.39.215.125,1
115.47.101.30,1
185.57.178.31,1
136.119.126.22,1
86.224.119.207,1
88.215.77.88,1
141.114.210.24,1
19.133.197.79,1
48.248.79.9,1
126.201.227.202,1
72.218.222.101,1
31.147.129.152,1
35.221.212.232,1
66.214.50.51,1
40.254.10.147,1
32.220.92.101,1
54.28.57.56,1
70.174.174.34,1
222.136.127.217,1
23.204.49.66,1
99.177.255.26,1
132.246.143.33,1
33.172.188.186,1
15.170.114.193,1
79.252.148.76,1
75.142.246.213,1
114.109.123.167,1
88.147.230.220,1
133.222.121.223,1
86.230.36.207,1
95.192.145.47,1
191.191.161.1,1
70.228.191.224,1
163.171.252.19,1
55.228.251.71,1
208.240.211.80,1
66.86.224.79,1
125.206.98.241,1
59.167.191.97,1
137.138.40.109,1
185.78.53.237,1
148.228.85.132,1
218.44.27.114,1
81.186.122.220,1
95.203.154.212,1
76.91.58.83,1
141.47.19.36,1
199.239.151.146,1
84.33.235.109,1
157.234.205.219,1
41.85.90.132,1
203.158.208.171,1
42.50.209.50,1
221.95.168.109,1
149.143.29.202,1
69.101.220.30,1
15.210.36.161,1
22.192.165.122,1
126.178.120.171,1
129.77.152.141,1
31.151.132.234,1
12.82.163.144,1
184.138.52.144,1
128.71.205.83,1
95.188.153.183,1
65.63.91.69,1
150.83.178.41,1
1.88.141.66,1
83.143.255.114,1
150.98.243.181,1
53.209.210.233,1
79.219.224.74,1
94.32.151.11,1
79.21.226.206,1
49.130.196.109,1
193.125.42.161,1
114.122.34.168,1
218.55.53.156,1
143.251.109.145,1
209.193.43.97,1
20.237.250.146,1
170.151.3.102,1
202.215.102.0,1
26.81.210.132,1
10.38.247.104,1
196.120.59.188,1
42.56.129.254,1
35.46.142.241,1
98.17.142.193,1
72.56.102.158,1
154.136.213.231,1
14.7.148.200,1
94.147.137.78,1
162.50.251.141,1
201.194.169.97,1
201.113.65.56,1
26.79.189.10,1
156.67.127.232,1
39.230.115.76,1
80.221.63.108,1
15.134.247.55,1
112.15.64.80,1
193.24.189.195,1
118.74.235.73,1
138.131.95.237,1
208.223.61.244,1
131.92.13.28,1
164.72.5.232,1
177.82.203.123,1
214.168.87.125,1
195.46.173.51,1
121.166.237.2,1
77.29.17.62,1
192.5.38.196,1
26.200.251.61,1
38.101.93.52,1
26.0.29.125,1
14.14.167.28,1
95.231.108.242,1
59.172.91.119,1
8.71.22.255,1
127.61.237.27,1
13.92.14.10,1
194.216.253.185,1
125.124.125.224,1

Most Frequently Accessed Endpoint
Endpoint,Access Count
/register,36

Suspicious Activity Detected
IP Address,Failed Login Count
